Workbook

Sheet deals
A1: deal_id | B1: rep_id | C1: stage | D1: sort_order | E1: deal_value | F1: lead_source | G1: region | H1: created_date | I1: closed_date
A2: D10001 | B2: R120 | C2: New Lead | D2: =_xlfn.XLOOKUP(C2, stage_mapping!$A$1:$A$8, stage_mapping!$B$1:$B$8) -> 1 | E2: 62605 | F2: Website | G2: Central | H2: 45588
A3: D10002 | B3: R118 | C3: Qualified | D3: =_xlfn.XLOOKUP(C3, stage_mapping!$A$1:$A$8, stage_mapping!$B$1:$B$8) -> 2 | E3: 40246 | F3: Linkedin | G3: East | H3: 45996
A4: D10003 | B4: R113 | C4: Qualified | D4: =_xlfn.XLOOKUP(C4, stage_mapping!$A$1:$A$8, stage_mapping!$B$1:$B$8) -> 2 | E4: 62608 | F4: Referral | G4: South | H4: 45561
A5: D10004 | B5: R114 | C5: Closed Lost | D5: =_xlfn.XLOOKUP(C5, stage_mapping!$A$1:$A$8, stage_mapping!$B$1:$B$8) -> 8 | E5: 29 | F5: Linkedin | G5: Midwest | H5: 45858 | I5: 45909
A6: D10005 | B6: R106 | C6: Qualified | D6: =_xlfn.XLOOKUP(C6, stage_mapping!$A$1:$A$8, stage_mapping!$B$1:$B$8) -> 2 | E6: 8840 | F6: Partner | G6: West | H6: 45915
A7: D10006 | B7: R108 | C7: New Lead | D7: =_xlfn.XLOOKUP(C7, stage_mapping!$A$1:$A$8, stage_mapping!$B$1:$B$8) -> 1 | E7: 3531 | F7: Webinar | G7: South | H7: 45362
A8: D10007 | B8: R110 | C8: Proposal | D8: =_xlfn.XLOOKUP(C8, stage_mapping!$A$1:$A$8, stage_mapping!$B$1:$B$8) -> 4 | E8: 21102 | F8: Email | G8: East | H8: 45415 | I8: 45490
A9: D10008 | B9: R103 | C9: Qualified | D9: =_xlfn.XLOOKUP(C9, stage_mapping!$A$1:$A$8, stage_mapping!$B$1:$B$8) -> 2 | E9: 18282 | F9: Email | G9: West | H9: 45876
A10: D10009 | B10: R102 | C10: New Lead | D10: =_xlfn.XLOOKUP(C10, stage_mapping!$A$1:$A$8, stage_mapping!$B$1:$B$8) -> 1 | E10: 14155 | F10: Partner | G10: Central | H10: 45841
A11: D10010 | B11: R106 | C11: Proposal | D11: =_xlfn.XLOOKUP(C11, stage_mapping!$A$1:$A$8, stage_mapping!$B$1:$B$8) -> 4 | E11: 5434 | F11: Referral | G11: West | H11: 45680
A12: D10011 | B12: R107 | C12: Proposal | D12: =_xlfn.XLOOKUP(C12, stage_mapping!$A$1:$A$8, stage_mapping!$B$1:$B$8) -> 4 | E12: 5449 | F12: Cold Call | G12: East | H12: 45350
A13: D10012 | B13: R119 | C13: New Lead | D13: =_xlfn.XLOOKUP(C13, stage_mapping!$A$1:$A$8, stage_mapping!$B$1:$B$8) -> 1 | E13: 18200 | F13: Website | G13: South | H13: 45870
A14: D10013 | B14: R101 | C14: New Lead | D14: =_xlfn.XLOOKUP(C14, stage_mapping!$A$1:$A$8, stage_mapping!$B$1:$B$8) -> 1 | E14: 6716 | F14: Webinar | G14: East | H14: 45563 | I14: 45599
A15: D10014 | B15: R101 | C15: Negotiating | D15: =_xlfn.XLOOKUP(C15, stage_mapping!$A$1:$A$8, stage_mapping!$B$1:$B$8) -> 6 | E15: 20453 | F15: Referral | G15: East | H15: 45429
A16: D10015 | B16: R103 | C16: Proposal | D16: =_xlfn.XLOOKUP(C16, stage_mapping!$A$1:$A$8, stage_mapping!$B$1:$B$8) -> 4 | E16: 8256 | F16: Website | G16: West | H16: 45560
A17: D10016 | B17: R114 | C17: Closed Lost | D17: =_xlfn.XLOOKUP(C17, stage_mapping!$A$1:$A$8, stage_mapping!$B$1:$B$8) -> 8 | E17: 23107 | F17: Linkedin | G17: Central | H17: 45332 | I17: 45398
A18: D10017 | B18: R106 | C18: Closed Won | D18: =_xlfn.XLOOKUP(C18, stage_mapping!$A$1:$A$8, stage_mapping!$B$1:$B$8) -> 7 | E18: 19913 | F18: Website | G18: West | H18: 45713 | I18: 45773
A19: D10018 | B19: R108 | C19: Proposal | D19: =_xlfn.XLOOKUP(C19, stage_mapping!$A$1:$A$8, stage_mapping!$B$1:$B$8) -> 4 | E19: 8315 | F19: Website | G19: South | H19: 45577
A20: D10019 | B20: R104 | C20: Proposal | D20: =_xlfn.XLOOKUP(C20, stage_mapping!$A$1:$A$8, stage_mapping!$B$1:$B$8) -> 4 | E20: 13805 | F20: Email | G20: East | H20: 45815
A21: D10020 | B21: R104 | C21: Negotiating | D21: =_xlfn.XLOOKUP(C21, stage_mapping!$A$1:$A$8, stage_mapping!$B$1:$B$8) -> 6 | E21: 11550 | F21: Cold Call | G21: East | H21: 46005
A22: D10021 | B22: R110 | C22: Proposal | D22: =_xlfn.XLOOKUP(C22, stage_mapping!$A$1:$A$8, stage_mapping!$B$1:$B$8) -> 4 | E22: 14340 | F22: Cold Call | G22: East | H22: 45983
A23: D10022 | B23: R110 | C23: New Lead | D23: =_xlfn.XLOOKUP(C23, stage_mapping!$A$1:$A$8, stage_mapping!$B$1:$B$8) -> 1 | E23: 23321 | F23: Website | G23: East | H23: 45917
A24: D10023 | B24: R114 | C24: New Lead | D24: =_xlfn.XLOOKUP(C24, stage_mapping!$A$1:$A$8, stage_mapping!$B$1:$B$8) -> 1 | E24: 8231 | F24: Cold Call | G24: Central | H24: 45416
A25: D10024 | B25: R118 | C25: Proposal | D25: =_xlfn.XLOOKUP(C25, stage_mapping!$A$1:$A$8, stage_mapping!$B$1:$B$8) -> 4 | E25: 51292 | F25: Email | G25: East | H25: 45545
A26: D10025 | B26: R105 | C26: Closed Won | D26: =_xlfn.XLOOKUP(C26, stage_mapping!$A$1:$A$8, stage_mapping!$B$1:$B$8) -> 7 | E26: 7753 | F26: Email | G26: East | H26: 45709 | I26: 45755
A27: D10026 | B27: R112 | C27: Closed Lost | D27: =_xlfn.XLOOKUP(C27, stage_mapping!$A$1:$A$8, stage_mapping!$B$1:$B$8) -> 8 | E27: 15447 | F27: Partner | G27: Midwest | H27: 45851 | I27: 45897
A28: D10027 | B28: R113 | C28: Negotiating | D28: =_xlfn.XLOOKUP(C28, stage_mapping!$A$1:$A$8, stage_mapping!$B$1:$B$8) -> 6 | E28: 18.4 | F28: Website | G28: West | H28: 45764
A29: D10028 | B29: R116 | C29: Closed Lost | D29: =_xlfn.XLOOKUP(C29, stage_mapping!$A$1:$A$8, stage_mapping!$B$1:$B$8) -> 8 | E29: 45099 | F29: Website | G29: Central | H29: 45362 | I29: 45435
A30: D10029 | B30: R115 | C30: Contract Review | D30: =_xlfn.XLOOKUP(C30, stage_mapping!$A$1:$A$8, stage_mapping!$B$1:$B$8) -> 5 | E30: 17838 | F30: Website | G30: South | H30: 45409
A31: D10030 | B31: R119 | C31: Closed Won | D31: =_xlfn.XLOOKUP(C31, stage_mapping!$A$1:$A$8, stage_mapping!$B$1:$B$8) -> 7 | E31: 16621 | F31: Referral | G31: South | H31: 45992 | I31: 46070
A32: D10031 | B32: R114 | C32: Qualified | D32: =_xlfn.XLOOKUP(C32, stage_mapping!$A$1:$A$8, stage_mapping!$B$1:$B$8) -> 2 | E32: 2837 | F32: Website | G32: South | H32: 45958
A33: D10032 | B33: R115 | C33: Negotiating | D33: =_xlfn.XLOOKUP(C33, stage_mapping!$A$1:$A$8, stage_mapping!$B$1:$B$8) -> 6 | E33: 17927 | F33: Cold Call | G33: South | H33: 45798
A34: D10033 | B34: R114 | C34: Negotiating | D34: =_xlfn.XLOOKUP(C34, stage_mapping!$A$1:$A$8, stage_mapping!$B$1:$B$8) -> 6 | E34: 6053 | F34: Email | G34: Central | H34: 45309
A35: D10034 | B35: R115 | C35: Closed Won | D35: =_xlfn.XLOOKUP(C35, stage_mapping!$A$1:$A$8, stage_mapping!$B$1:$B$8) -> 7 | E35: 3513 | F35: Referral | G35: South | H35: 45840 | I35: 45893
A36: D10035 | B36: R112 | C36: Qualified | D36: =_xlfn.XLOOKUP(C36, stage_mapping!$A$1:$A$8, stage_mapping!$B$1:$B$8) -> 2 | E36: 14015 | F36: Email | G36: Central | H36: 45347
A37: D10036 | B37: R109 | C37: Proposal | D37: =_xlfn.XLOOKUP(C37, stage_mapping!$A$1:$A$8, stage_mapping!$B$1:$B$8) -> 4 | E37: 52734 | F37: Partner | G37: South | H37: 45936
A38: D10037 | B38: R117 | C38: Negotiating | D38: =_xlfn.XLOOKUP(C38, stage_mapping!$A$1:$A$8, stage_mapping!$B$1:$B$8) -> 6 | E38: 30037 | F38: Referral | G38: East | H38: 45874
A39: D10038 | B39: R114 | C39: New Lead | D39: =_xlfn.XLOOKUP(C39, stage_mapping!$A$1:$A$8, stage_mapping!$B$1:$B$8) -> 1 | E39: 19.7 | F39: Linkedin | G39: Central | H39: 45581
A40: D10039 | B40: R105 | C40: Closed Won | D40: =_xlfn.XLOOKUP(C40, stage_mapping!$A$1:$A$8, stage_mapping!$B$1:$B$8) -> 7 | E40: 29496 | F40: Website | G40: West | H40: 45874 | I40: 45911
A41: D10040 | B41: R120 | C41: Closed Won | D41: =_xlfn.XLOOKUP(C41, stage_mapping!$A$1:$A$8, stage_mapping!$B$1:$B$8) -> 7 | E41: 49459 | F41: Referral | G41: Central | H41: 45893 | I41: 45955
A42: D10041 | B42: R116 | C42: Proposal | D42: =_xlfn.XLOOKUP(C42, stage_mapping!$A$1:$A$8, stage_mapping!$B$1:$B$8) -> 4 | E42: 9237 | F42: Linkedin | G42: South | H42: 45456
A43: D10042 | B43: R117 | C43: Proposal | D43: =_xlfn.XLOOKUP(C43, stage_mapping!$A$1:$A$8, stage_mapping!$B$1:$B$8) -> 4 | E43: 11382 | F43: Partner | G43: East | H43: 45822
A44: D10043 | B44: R120 | C44: Negotiating | D44: =_xlfn.XLOOKUP(C44, stage_mapping!$A$1:$A$8, stage_mapping!$B$1:$B$8) -> 6 | E44: 26133 | F44: Cold Call | G44: West | H44: 45408
A45: D10044 | B45: R118 | C45: Proposal | D45: =_xlfn.XLOOKUP(C45, stage_mapping!$A$1:$A$8, stage_mapping!$B$1:$B$8) -> 4 | E45: 9463 | F45: Webinar | G45: East | H45: 45363
A46: D10045 | B46: R105 | C46: Negotiating | D46: =_xlfn.XLOOKUP(C46, stage_mapping!$A$1:$A$8, stage_mapping!$B$1:$B$8) -> 6 | E46: 5460 | F46: Referral | G46: East | H46: 45758
A47: D10046 | B47: R116 | C47: Proposal | D47: =_xlfn.XLOOKUP(C47, stage_mapping!$A$1:$A$8, stage_mapping!$B$1:$B$8) -> 4 | E47: 8937 | F47: Webinar | G47: West | H47: 45742
A48: D10047 | B48: R118 | C48: Closed Won | D48: =_xlfn.XLOOKUP(C48, stage_mapping!$A$1:$A$8, stage_mapping!$B$1:$B$8) -> 7 | E48: 62894 | F48: Referral | G48: East | H48: 45524 | I48: 45610
A49: D10048 | B49: R112 | C49: Contract Review | D49: =_xlfn.XLOOKUP(C49, stage_mapping!$A$1:$A$8, stage_mapping!$B$1:$B$8) -> 5 | E49: 3943 | F49: Cold Call | G49: Central | H49: 45466
A50: D10049 | B50: R115 | C50: Proposal | D50: =_xlfn.XLOOKUP(C50, stage_mapping!$A$1:$A$8, stage_mapping!$B$1:$B$8) -> 4 | E50: 11698 | F50: Linkedin | G50: West | H50: 45946
A51: D10050 | B51: R109 | C51: Closed Lost | D51: =_xlfn.XLOOKUP(C51, stage_mapping!$A$1:$A$8, stage_mapping!$B$1:$B$8) -> 8 | E51: 44831 | F51: Email | G51: Central | H51: 45800 | I51: 45891
A52: D10051 | B52: R105 | C52: Proposal | D52: =_xlfn.XLOOKUP(C52, stage_mapping!$A$1:$A$8, stage_mapping!$B$1:$B$8) -> 4 | E52: 9407 | F52: Email | G52: East | H52: 45885
A53: D10052 | B53: R106 | C53: SQL | D53: =_xlfn.XLOOKUP(C53, stage_mapping!$A$1:$A$8, stage_mapping!$B$1:$B$8) -> 3 | E53: 12697 | F53: Webinar | G53: West | H53: 45409
A54: D10053 | B54: R101 | C54: Closed Won | D54: =_xlfn.XLOOKUP(C54, stage_mapping!$A$1:$A$8, stage_mapping!$B$1:$B$8) -> 7 | E54: 8486 | F54: Linkedin | G54: East | H54: 45890 | I54: 45922
A55: D10054 | B55: R115 | C55: Qualified | D55: =_xlfn.XLOOKUP(C55, stage_mapping!$A$1:$A$8, stage_mapping!$B$1:$B$8) -> 2 | E55: 6328 | F55: Linkedin | G55: Central | H55: 45603
A56: D10055 | B56: R116 | C56: Proposal | D56: =_xlfn.XLOOKUP(C56, stage_mapping!$A$1:$A$8, stage_mapping!$B$1:$B$8) -> 4 | E56: 27898 | F56: Website | G56: Central | H56: 45533
A57: D10056 | B57: R120 | C57: Qualified | D57: =_xlfn.XLOOKUP(C57, stage_mapping!$A$1:$A$8, stage_mapping!$B$1:$B$8) -> 2 | E57: 90593 | F57: Referral | G57: East | H57: 45362
A58: D10057 | B58: R118 | C58: Closed Lost | D58: =_xlfn.XLOOKUP(C58, stage_mapping!$A$1:$A$8, stage_mapping!$B$1:$B$8) -> 8 | E58: 48610 | F58: Website | G58: East | H58: 45658 | I58: 45756
A59: D10058 | B59: R112 | C59: Qualified | D59: =_xlfn.XLOOKUP(C59, stage_mapping!$A$1:$A$8, stage_mapping!$B$1:$B$8) -> 2 | E59: 13213 | F59: Linkedin | G59: Central | H59: 45966
A60: D10059 | B60: R111 | C60: Negotiating | D60: =_xlfn.XLOOKUP(C60, stage_mapping!$A$1:$A$8, stage_mapping!$B$1:$B$8) -> 6 | E60: 18288 | F60: Website | G60: West | H60: 46021
A61: D10060 | B61: R115 | C61: Proposal | D61: =_xlfn.XLOOKUP(C61, stage_mapping!$A$1:$A$8, stage_mapping!$B$1:$B$8) -> 4 | E61: 12112 | F61: Partner | G61: South | H61: 45612
A62: D10061 | B62: R118 | C62: Closed Won | D62: =_xlfn.XLOOKUP(C62, stage_mapping!$A$1:$A$8, stage_mapping!$B$1:$B$8) -> 7 | E62: 68967 | F62: Cold Call | G62: East | H62: 45973 | I62: 46038
A63: D10062 | B63: R112 | C63: Contract Review | D63: =_xlfn.XLOOKUP(C63, stage_mapping!$A$1:$A$8, stage_mapping!$B$1:$B$8) -> 5 | E63: 16611 | F63: Email | G63: Central | H63: 45866 | I63: 45905
A64: D10063 | B64: R113 | C64: New Lead | D64: =_xlfn.XLOOKUP(C64, stage_mapping!$A$1:$A$8, stage_mapping!$B$1:$B$8) -> 1 | E64: 20979 | F64: Cold Call | G64: West | H64: 45512
A65: D10064 | B65: R109 | C65: Proposal | D65: =_xlfn.XLOOKUP(C65, stage_mapping!$A$1:$A$8, stage_mapping!$B$1:$B$8) -> 4 | E65: 14363 | F65: Linkedin | G65: Midwest | H65: 45816
A66: D10065 | B66: R110 | C66: New Lead | D66: =_xlfn.XLOOKUP(C66, stage_mapping!$A$1:$A$8, stage_mapping!$B$1:$B$8) -> 1 | E66: 19877 | F66: Referral | G66: West | H66: 45732
A67: D10066 | B67: R111 | C67: Negotiating | D67: =_xlfn.XLOOKUP(C67, stage_mapping!$A$1:$A$8, stage_mapping!$B$1:$B$8) -> 6 | E67: 7677 | F67: Linkedin | G67: West | H67: 45706
A68: D10067 | B68: R117 | C68: SQL | D68: =_xlfn.XLOOKUP(C68, stage_mapping!$A$1:$A$8, stage_mapping!$B$1:$B$8) -> 3 | E68: 16432 | F68: Email | G68: East | H68: 45370
A69: D10068 | B69: R107 | C69: Negotiating | D69: =_xlfn.XLOOKUP(C69, stage_mapping!$A$1:$A$8, stage_mapping!$B$1:$B$8) -> 6 | E69: 15741 | F69: Email | G69: East | H69: 45935
A70: D10069 | B70: R105 | C70: Proposal | D70: =_xlfn.XLOOKUP(C70, stage_mapping!$A$1:$A$8, stage_mapping!$B$1:$B$8) -> 4 | E70: 10.4 | F70: Linkedin | G70: East | H70: 45349
A71: D10070 | B71: R115 | C71: Proposal | D71: =_xlfn.XLOOKUP(C71, stage_mapping!$A$1:$A$8, stage_mapping!$B$1:$B$8) -> 4 | E71: 5546 | F71: Cold Call | G71: West | H71: 45753
A72: D10071 | B72: R114 | C72: New Lead | D72: =_xlfn.XLOOKUP(C72, stage_mapping!$A$1:$A$8, stage_mapping!$B$1:$B$8) -> 1 | E72: 9452 | F72: Email | G72: East | H72: 45986
A73: D10072 | B73: R105 | C73: Proposal | D73: =_xlfn.XLOOKUP(C73, stage_mapping!$A$1:$A$8, stage_mapping!$B$1:$B$8) -> 4 | E73: 47839 | F73: Referral | G73: East | H73: 45422
A74: D10073 | B74: R111 | C74: Qualified | D74: =_xlfn.XLOOKUP(C74, stage_mapping!$A$1:$A$8, stage_mapping!$B$1:$B$8) -> 2 | E74: 21120 | F74: Referral | G74: South | H74: 45395
A75: D10074 | B75: R115 | C75: Qualified | D75: =_xlfn.XLOOKUP(C75, stage_mapping!$A$1:$A$8, stage_mapping!$B$1:$B$8) -> 2 | E75: 46073 | F75: Email | G75: South | H75: 45583
A76: D10075 | B76: R115 | C76: Closed Lost | D76: =_xlfn.XLOOKUP(C76, stage_mapping!$A$1:$A$8, stage_mapping!$B$1:$B$8) -> 8 | E76: 6003 | F76: Cold Call | G76: South | H76: 45911 | I76: 45977
A77: D10076 | B77: R106 | C77: Proposal | D77: =_xlfn.XLOOKUP(C77, stage_mapping!$A$1:$A$8, stage_mapping!$B$1:$B$8) -> 4 | E77: 28960 | F77: Website | G77: West | H77: 45519
A78: D10077 | B78: R105 | C78: SQL | D78: =_xlfn.XLOOKUP(C78, stage_mapping!$A$1:$A$8, stage_mapping!$B$1:$B$8) -> 3 | E78: 49388 | F78: Email | G78: East | H78: 45751 | I78: 45783
A79: D10078 | B79: R102 | C79: Proposal | D79: =_xlfn.XLOOKUP(C79, stage_mapping!$A$1:$A$8, stage_mapping!$B$1:$B$8) -> 4 | E79: 17725 | F79: Partner | G79: Central | H79: 45803
A80: DL-10079 | B80: R117 | C80: Closed Won | D80: =_xlfn.XLOOKUP(C80, stage_mapping!$A$1:$A$8, stage_mapping!$B$1:$B$8) -> 7 | E80: 11936 | F80: Cold Call | G80: East | H80: 45312 | I80: 45323
A81: D10080 | B81: R111 | C81: Closed Won | D81: =_xlfn.XLOOKUP(C81, stage_mapping!$A$1:$A$8, stage_mapping!$B$1:$B$8) -> 7 | E81: 13308 | F81: Cold Call | G81: West | H81: 45993 | I81: 46000
A82: D10081 | B82: R107 | C82: Closed Lost | D82: =_xlfn.XLOOKUP(C82, stage_mapping!$A$1:$A$8, stage_mapping!$B$1:$B$8) -> 8 | E82: 2500 | F82: Cold Call | G82: Central | H82: 45551 | I82: 45656
A83: D10082 | B83: R116 | C83: Proposal | D83: =_xlfn.XLOOKUP(C83, stage_mapping!$A$1:$A$8, stage_mapping!$B$1:$B$8) -> 4 | E83: 5297 | F83: Webinar | G83: Central | H83: 45726
A84: D10083 | B84: R115 | C84: Closed Lost | D84: =_xlfn.XLOOKUP(C84, stage_mapping!$A$1:$A$8, stage_mapping!$B$1:$B$8) -> 8 | E84: 14698 | F84: Email | G84: South | H84: 45737 | I84: 45818
A85: D10084 | B85: R103 | C85: Proposal | D85: =_xlfn.XLOOKUP(C85, stage_mapping!$A$1:$A$8, stage_mapping!$B$1:$B$8) -> 4 | E85: 8447 | F85: Linkedin | G85: West | H85: 45911
A86: D10085 | B86: R106 | C86: New Lead | D86: =_xlfn.XLOOKUP(C86, stage_mapping!$A$1:$A$8, stage_mapping!$B$1:$B$8) -> 1 | E86: 13072 | F86: Webinar | G86: West | H86: 46012
A87: D10086 | B87: R103 | C87: Closed Lost | D87: =_xlfn.XLOOKUP(C87, stage_mapping!$A$1:$A$8, stage_mapping!$B$1:$B$8) -> 8 | E87: 50152 | F87: Partner | G87: West | H87: 46009 | I87: 46067
A88: D10087 | B88: R105 | C88: Proposal | D88: =_xlfn.XLOOKUP(C88, stage_mapping!$A$1:$A$8, stage_mapping!$B$1:$B$8) -> 4 | E88: 13682 | F88: Website | G88: East | H88: 45782
A89: D10088 | B89: R105 | C89: Proposal | D89: =_xlfn.XLOOKUP(C89, stage_mapping!$A$1:$A$8, stage_mapping!$B$1:$B$8) -> 4 | E89: 7570 | F89: Partner | G89: East | H89: 45457
A90: D10089 | B90: R120 | C90: Negotiating | D90: =_xlfn.XLOOKUP(C90, stage_mapping!$A$1:$A$8, stage_mapping!$B$1:$B$8) -> 6 | E90: 57692 | F90: Email | G90: Central | H90: 45467
A91: D10090 | B91: R107 | C91: Proposal | D91: =_xlfn.XLOOKUP(C91, stage_mapping!$A$1:$A$8, stage_mapping!$B$1:$B$8) -> 4 | E91: 19532 | F91: Cold Call | G91: South | H91: 45588
A92: D10091 | B92: R111 | C92: Proposal | D92: =_xlfn.XLOOKUP(C92, stage_mapping!$A$1:$A$8, stage_mapping!$B$1:$B$8) -> 4 | E92: 15782 | F92: Partner | G92: West | H92: 45645
A93: D10092 | B93: R108 | C93: Closed Won | D93: =_xlfn.XLOOKUP(C93, stage_mapping!$A$1:$A$8, stage_mapping!$B$1:$B$8) -> 7 | E93: 13173 | F93: Webinar | G93: West | H93: 45455 | I93: 45512
A94: D10093 | B94: R112 | C94: Closed Lost | D94: =_xlfn.XLOOKUP(C94, stage_mapping!$A$1:$A$8, stage_mapping!$B$1:$B$8) -> 8 | E94: 8067 | F94: Linkedin | G94: Central | H94: 45773 | I94: 45837
A95: D10094 | B95: R120 | C95: New Lead | D95: =_xlfn.XLOOKUP(C95, stage_mapping!$A$1:$A$8, stage_mapping!$B$1:$B$8) -> 1 | E95: 34341 | F95: Website | G95: Central | H95: 45639
A96: D10095 | B96: R105 | C96: Closed Lost | D96: =_xlfn.XLOOKUP(C96, stage_mapping!$A$1:$A$8, stage_mapping!$B$1:$B$8) -> 8 | E96: 8324 | F96: Website | G96: East | H96: 45694 | I96: 45769
A97: D10096 | B97: R114 | C97: Negotiating | D97: =_xlfn.XLOOKUP(C97, stage_mapping!$A$1:$A$8, stage_mapping!$B$1:$B$8) -> 6 | E97: 34537 | F97: Partner | G97: Central | H97: 45563
A98: D10097 | B98: R107 | C98: Proposal | D98: =_xlfn.XLOOKUP(C98, stage_mapping!$A$1:$A$8, stage_mapping!$B$1:$B$8) -> 4 | E98: 10694 | F98: Linkedin | G98: East | H98: 45805
A99: D10098 | B99: R120 | C99: Qualified | D99: =_xlfn.XLOOKUP(C99, stage_mapping!$A$1:$A$8, stage_mapping!$B$1:$B$8) -> 2 | E99: 112329 | F99: Referral | G99: Central | H99: 45596
A100: D10099 | B100: R113 | C100: Closed Lost | D100: =_xlfn.XLOOKUP(C100, stage_mapping!$A$1:$A$8, stage_mapping!$B$1:$B$8) -> 8 | E100: 64598 | F100: Website | G100: West | H100: 45744 | I100: 45825
...

Sheet stage_mapping
A1: New Lead | B1: 1
A2: Qualified | B2: 2
A3: SQL | B3: 3
A4: Proposal | B4: 4
A5: Contract Review | B5: 5
A6: Negotiating | B6: 6
A7: Closed Won | B7: 7
A8: Closed Lost | B8: 8

Sheet sales_reps
A1: rep_id | B1: rep_name | C1: team | D1: region
A2: R101 | B2: Ava Patel | C2: SMB | D2: East
A3: R102 | B3: Marcus Chen | C3: SMB | D3: Central
A4: R103 | B4: Sofia Ramirez | C4: Mid-Market | D4: West
A5: R104 | B5: Ethan Brooks | C5: Mid-Market | D5: East
A6: R105 | B6: Priya Nair | C6: SMB | D6: East
A7: R106 | B7: Jordan Kim | C7: SMB | D7: West
A8: R107 | B8: Noah Thompson | C8: Mid-Market | D8: East
A9: R108 | B9: Isabella Garcia | C9: SMB | D9: South
A10: R109 | B10: Liam Johnson | C10: Enterprise | D10: Central
A11: R110 | B11: Maya Singh | C11: Enterprise | D11: East
A12: R111 | B12: Daniel Wright | C12: Mid-Market | D12: West
... A21: R120 | B21: Ella Rivera | C21: Enterprise | D21: Central
